"Bug ID","Product","Component","Assignee","Status","Resolution","Summary","Changed"
214469,"Process Management","Preemption","acpi_other","NEW"," ---","mce_setup BUG: using smp_processor_id() in preemptible [00000000] code: swapper/0/1","2021-10-30 06:24:02"
215075,"Process Management","Scheduler","drivers_platform_x86","NEW"," ---","BUG: scheduling while atomic: cpuhp/1/21/0x00000002 when going out of sleep S3 state","2021-12-11 19:59:43"
42717,"Process Management","Scheduler","mingo","NEW"," ---","WARNING: at net/sched/sch_generic.c:255 dev_watchdog+0xc5/0x118()","2016-02-18 12:44:00"
49661,"Process Management","Scheduler","mingo","NEW"," ---","Cpuset doesn't work?","2018-09-05 23:45:22"
57781,"Process Management","Scheduler","mingo","NEW"," ---","kernel bug while playing portal","2016-03-23 18:24:53"
60513,"Process Management","Scheduler","mingo","NEW"," ---","Divide by zero in tg_load_down","2016-03-23 18:25:10"
60547,"Process Management","Scheduler","mingo","NEW"," ---","Pressing Alt+SysRq+n when some real-time task is hogging CPU freezes the system","2016-03-23 18:24:20"
60854,"Process Management","Scheduler","mingo","NEW"," ---","divide by zero bug in find_busiest_group","2016-03-23 18:24:59"
62791,"Process Management","Scheduler","mingo","NEW"," ---","Even after setting 'sysctl_sched_child_runs_first'  child is not scheduling first.","2017-08-23 04:13:11"
63801,"Process Management","Scheduler","mingo","NEW"," ---","System Hangs With Kernel Migration Processes Consuming 100% CPU","2017-08-23 04:14:34"
67601,"Process Management","Scheduler","mingo","NEW"," ---","[BISECTED]Regression:  Erratic 3D performance after ""sched/numa: Avoid overloading CPUs...""","2016-03-23 18:25:38"
69621,"Process Management","Scheduler","mingo","NEW"," ---","locked processes","2016-03-23 18:25:44"
70611,"Process Management","Scheduler","mingo","NEW"," ---","Workqueue: events_unbound async_run_entry_fn","2016-03-23 18:26:00"
77041,"Process Management","Scheduler","mingo","NEW"," ---","INFO: rcu_sched self-detected stall on CPU { 1}  (t=5250 jiffies g=52771 c=52770 q=3826)","2016-03-23 18:25:28"
99771,"Process Management","Scheduler","mingo","NEW"," ---","kthread_create_on_node keeps suffering from stalls over and over again","2016-03-23 18:24:47"
100701,"Process Management","Scheduler","mingo","NEW"," ---","BUG: sleeping function called from invalid context at kernel/locking/mutex.c:616","2016-05-13 04:18:36"
102321,"Process Management","Scheduler","mingo","NEW"," ---","deadlock in smp.c at on_each_cpu/smp_call_function_many","2016-03-23 18:24:14"
104111,"Process Management","Scheduler","mingo","NEW"," ---","If CONFIG_NO_HZ_FULL_ALL=y, all user space processes have 0x1 affinity since 4.2.0","2017-08-23 04:55:57"
104891,"Process Management","Scheduler","mingo","NEW"," ---","spread (cfq->max_vruntime - cfq->min_vruntime) is very very large","2017-08-23 04:56:53"
106481,"Process Management","Scheduler","mingo","NEW"," ---","rcu_sched self-detected stall on CPU { 22}","2016-03-23 18:24:36"
106661,"Process Management","Scheduler","mingo","NEW"," ---","Error in sched.h function declaration causes compiler errors","2016-03-23 18:25:17"
106831,"Process Management","Scheduler","mingo","NEW"," ---","Back-to-back OOM Killer Events Lockup the Kernel","2016-03-23 18:25:54"
110471,"Process Management","Scheduler","mingo","NEW"," ---","[RT sched] : the kernel sched feture RT_RUNTIME_SHARE doesn't functions","2016-03-23 18:24:25"
114121,"Process Management","Scheduler","mingo","NEW"," ---","Kernel BUG at kernel/locking/rtmutex.c:1704! (EIP: rt_mutex_slowlock)","2016-03-23 18:25:22"
114411,"Process Management","Scheduler","mingo","NEW"," ---","BUG: unable to handle kernel NULL pointer dereference at  (null) and crash happened  at  __wake_up_common+0x34/0xa0","2016-03-23 18:25:49"
116701,"Process Management","Scheduler","mingo","NEW"," ---","Multi-threaded programs forced onto a set of isolated cores have all threads scheduled on one CPU.","2016-06-11 20:15:13"
121121,"Process Management","Scheduler","mingo","NEW"," ---","Kernel v4.7-rc5 - performance degradation upto 40% after disabling and re-enabling a core","2016-09-12 11:41:55"
135521,"Process Management","Scheduler","mingo","NEW"," ---","regression: times syscall returns a struct with tms_utime = 0 on full dynticks systems","2016-09-18 11:54:11"
151821,"Process Management","Scheduler","mingo","NEW"," ---","Implement CPU affinity mask virtualization (or CPU ID namespaces)","2016-08-09 15:18:57"
156261,"Process Management","Scheduler","mingo","NEW"," ---","kernel starts to hang partially resuming on user input","2016-09-21 10:07:13"
156571,"Process Management","Scheduler","mingo","NEW"," ---","Group Construction bug","2016-09-29 16:10:17"
156821,"Process Management","Scheduler","mingo","NEW"," ---","rt_throttled behaving differently on isolated cores","2016-09-15 16:22:16"
173961,"Process Management","Scheduler","mingo","NEW"," ---","rcu_sched detected stalls on CPUs/tasks","2016-11-04 02:46:49"
188101,"Process Management","Scheduler","mingo","NEW"," ---","process scheduling in cpuset of cgroup is not working properly.","2018-09-05 23:58:33"
194669,"Process Management","Scheduler","mingo","NEW"," ---","[regression] [bisected] overall random micro-unresponsiveness","2017-02-23 05:59:21"
196473,"Process Management","Scheduler","mingo","NEW"," ---","BUG: scheduling while atomic: rcuos/0/10/0x00000200","2017-07-27 20:44:08"
196631,"Process Management","Scheduler","mingo","NEW"," ---","A kmem leak in destroy_sched_domain","2018-05-18 13:59:08"
197091,"Process Management","Scheduler","mingo","NEW"," ---","BUG: unable to handle kernel paging request at 000006c000000a4a","2017-09-30 15:36:20"
198029,"Process Management","Scheduler","mingo","NEW"," ---","BUG: scheduling while atomic: kworker/0:0/21755/0x10000001","2020-08-31 05:29:28"
198197,"Process Management","Scheduler","mingo","NEW"," ---","Unexpected CFS throttling","2019-11-08 22:10:16"
199065,"Process Management","Scheduler","mingo","NEW"," ---","update vruntime incorrectly When use rt_mutex","2018-03-09 09:03:08"
199261,"Process Management","Scheduler","mingo","NEW"," ---","BUG: KASAN: stack-out-of-bounds in tick_sched_timer+0x61/0x210","2018-04-02 13:57:04"
199355,"Process Management","Scheduler","mingo","NEW"," ---","JVM Process is hanging at futex FUTEX_WAIT_PRIVATE","2018-04-11 10:57:49"
200117,"Process Management","Scheduler","mingo","NEW"," ---","general protection fault in freeque","2018-06-18 03:34:03"
201781,"Process Management","Scheduler","mingo","NEW"," ---","Watchdog isn't disabled on nohz_full CPUs","2019-01-15 07:42:28"
202635,"Process Management","Scheduler","mingo","NEW"," ---","sched-stats.txt documentation is misleading","2019-02-21 02:05:21"
202689,"Process Management","Scheduler","mingo","NEW"," ---","divide error in find_busiest_group / update_group_capacity","2020-06-22 06:19:34"
206967,"Process Management","Scheduler","mingo","NEW"," ---","LOCK_EX should influence priority of process if other processes are waiting for this lock","2020-03-25 20:56:48"
208345,"Process Management","Scheduler","mingo","NEW"," ---","BUG: scheduling while atomic: chpst/1158/0x00000002 - hyperv","2021-07-23 08:42:35"
211435,"Process Management","Scheduler","mingo","NEW"," ---","Kernel Panic in set_next_entity+0x8/0xc30","2021-01-27 11:25:49"
211851,"Process Management","Scheduler","mingo","NEW"," ---","SCHED_FIFO freeze CPU on the oppposite thread","2021-02-19 15:26:59"
212657,"Process Management","Scheduler","mingo","NEW"," ---","Crash: Workqueue: cgroup_destroy css_relea se_work_f","2021-05-04 03:52:01"
213371,"Process Management","Scheduler","mingo","NEW"," ---","Provide a virtual file that outputs the currently used process scheduler","2021-06-08 19:45:12"
215045,"Process Management","Scheduler","mingo","NEW"," ---","Serious performance downgrade caused by ""sched/fair: Ensure _sum and _avg values stay consistent""","2021-12-23 07:29:42"
215457,"Process Management","Scheduler","mingo","NEW"," ---","sleep/wake-up timeout issue","2022-02-21 08:34:34"
215532,"Process Management","Scheduler","mingo","NEW"," ---","oops thrown on null pointer dereference in task_work_run()","2022-01-27 03:30:52"
215817,"Process Management","Scheduler","mingo","NEW"," ---","SCHED_FIFO threads are assigned to the same physical CPU even though idle CPUs are available","2022-04-07 16:48:53"
78881,"Process Management","Other","other_other","NEW"," ---","shared futex on mmu less platform doesn't work properly","2014-06-26 07:12:10"
201771,"Process Management","Other","other_other","NEW"," ---","cgroups: pids controller fails to limit processes to pids.max if processes are migrated","2018-11-22 21:41:03"
207993,"Process Management","Other","other_other","NEW"," ---","Random crashes with 5.4.42+ kernel","2020-06-27 21:57:13"
44381,"Process Management","Other","process_other","NEW"," ---","kmemleak : comm ""swapper/0"", pid 0","2012-07-10 17:54:40"
49691,"Process Management","Other","process_other","NEW"," ---","loadavg spikes in kernel 3.2.24 (and all later).","2012-11-05 14:33:11"
50201,"Process Management","Other","process_other","NEW"," ---","AMD-Vi: Completion-Wait loop timed out","2012-11-20 12:25:27"
50951,"Process Management","Other","process_other","NEW"," ---","Nonstandard treatment of RLIMIT_CPU soft limit","2012-11-27 07:33:03"
51411,"Process Management","Other","process_other","NEW"," ---","BUG: soft lockup - CPU#0 stuck for 22s! (I get this BUG every 28 seconds)","2012-12-17 06:15:19"
52451,"Process Management","Other","process_other","NEW"," ---","Zombified -D state processes - need something to do","2013-03-16 06:32:42"
58431,"Process Management","Other","process_other","NEW"," ---","semtimedop can time out 1 jiffy too early","2013-05-17 21:52:46"
60802,"Process Management","Other","process_other","NEW"," ---","regression bisected: s2disk fails to resume image: Processes could not be frozen, cannot continue resuming","2013-12-12 22:05:06"
63901,"Process Management","Other","process_other","NEW"," ---","BUG: soft lockup - CPU#0 stuck for 22s!","2014-09-20 18:14:29"
68991,"Process Management","Other","process_other","NEW"," ---","fs/proc: BUG race on accessing /proc under high load","2014-03-14 18:54:54"
70321,"Process Management","Other","process_other","NEW"," ---","PRIO_MAX defined to wrong value","2014-03-06 01:08:13"
76591,"Process Management","Other","process_other","NEW"," ---","CLONE from pthread_create fails with ERESTARTNOINTR and application crashes","2016-12-16 09:14:30"
77621,"Process Management","Other","process_other","NEW"," ---","PROBLEM: no SIGKILL after prctl(PR_SET_SECCOMP, 1, ...) on MIPS","2014-06-17 12:09:52"
77981,"Process Management","Other","process_other","NEW"," ---","upstream from launchpad","2014-06-16 02:12:02"
79971,"Process Management","Other","process_other","NEW"," ---","/proc/pid/stat utime & guest_time do not match","2014-11-01 09:33:17"
89071,"Process Management","Other","process_other","NEW"," ---","I can't get PTRACE_EVENT information from SIGCHLD events","2014-12-08 15:39:09"
94351,"Process Management","Other","process_other","NEW"," ---","""Lock"" held during a task coredump preventing acess to task informations","2015-03-05 22:16:05"
97461,"Process Management","Other","process_other","NEW"," ---","kernel hang on any Oops","2015-04-29 09:40:19"
99491,"Process Management","Other","process_other","NEW"," ---","INFO: task kworker/u16:0:6 blocked for more than 120 seconds.","2015-06-06 13:35:56"
105651,"Process Management","Other","process_other","NEW"," ---","Concurrency issue in sem_lock","2016-01-02 09:51:33"
105671,"Process Management","Other","process_other","NEW"," ---","CLONE_FS then CLONE_VFORK can deadlock distributed FS CEPH & OCFS2","2015-10-08 10:20:36"
109121,"Process Management","Other","process_other","NEW"," ---","SIGKILL kills arbitrary process when the given PID does not exist","2015-12-09 02:20:25"
114641,"Process Management","Other","process_other","NEW"," ---","system becomes unresponsive after up for a while","2016-03-17 20:02:09"
116621,"Process Management","Other","process_other","NEW"," ---","Application with shared libraries have additional data dumped in core during process crash","2016-05-31 17:29:21"
118221,"Process Management","Other","process_other","NEW"," ---","After CPU hotplug, cores remain idle","2016-05-15 15:58:01"
120501,"Process Management","Other","process_other","NEW"," ---","fuzzy testing via trinity revealed a bug in rtmutex.c","2016-06-16 18:48:56"
149331,"Process Management","Other","process_other","NEW"," ---","Ordering of exit_task_namespaces/exit_task_work in do_exit may trigger BUG_ON in drivers/net/ppp/ppp_generic.c (ppp_pernet)","2016-07-25 19:14:16"
150311,"Process Management","Other","process_other","NEW"," ---","Unnaccounted for high cpu usage while idle","2016-08-18 14:05:29"
153531,"Process Management","Other","process_other","NEW"," ---","Missing size check in sigaltstack","2020-09-26 12:37:01"
154011,"Process Management","Other","process_other","NEW"," ---","Task exit is signaled before task resource allocation, leading to bogus EAGAIN errors","2019-08-01 05:14:20"
156401,"Process Management","Other","process_other","NEW"," ---","ptrace_scope=0, gdb can't attach to different uid... regression","2016-09-08 21:38:37"
172781,"Process Management","Other","process_other","NEW"," ---","thousands of kworker processes with 4.7.x and 4.8-rc*","2016-09-29 18:39:20"
180841,"Process Management","Other","process_other","NEW"," ---","Process accounting sometimes do not append records for terminated processes","2018-01-13 18:32:58"
190271,"Process Management","Other","process_other","NEW"," ---","process accounting sometimes does not work","2016-12-27 10:36:55"
190711,"Process Management","Other","process_other","NEW"," ---","Process accounting: Using the NETLINK inface, the command TASKSTATS_CMD_GET returns -EINVAL","2016-12-27 10:37:00"
193381,"Process Management","Other","process_other","NEW"," ---","fork() increases length of stdin in parent process if it's a file","2020-10-02 14:02:05"
195313,"Process Management","Other","process_other","NEW"," ---","per-process CPU time accounting can be silently disabled by CONFIG_? option combination","2017-04-10 18:52:26"
195579,"Process Management","Other","process_other","NEW"," ---","Linux Kernel 4.8.0 Udev Local Privilege Escalation and Its Patch","2017-04-25 19:48:48"
195935,"Process Management","Other","process_other","NEW"," ---","PTRACE_CONT doesn't pass on signal when PTRACE_O_TRACEEXEC is in effect","2017-05-30 19:51:36"
196505,"Process Management","Other","process_other","NEW"," ---","kernal panic on login","2017-07-27 20:23:34"
196983,"Process Management","Other","process_other","NEW"," ---","Hiding a process by performing bind mounting to the process file in /proc","2017-09-18 16:13:41"
197819,"Process Management","Other","process_other","NEW"," ---","getpid returns invalid pid in thread created using ptrace","2017-11-09 00:21:17"
198769,"Process Management","Other","process_other","NEW"," ---","sched_setaffinity does not honor prior settings (including numactl)","2018-02-20 20:10:16"
199713,"Process Management","Other","process_other","NEW"," ---","Cgroups ""pids"" controller does not update ""pids.current"" count immediately","2019-01-17 11:00:04"
199795,"Process Management","Other","process_other","NEW"," ---","CONFIG_STATIC_USERMODEHELPER_PATH="""" causes NULL pointer dereference in do_coredump() when kernel.core_pattern is set to a pipe.","2020-04-16 05:12:40"
200593,"Process Management","Other","process_other","NEW"," ---","Delay accounting in cgroups","2018-12-12 09:26:41"
200965,"Process Management","Other","process_other","NEW"," ---","Setting a disabled HW breakpoint's address to an unaligned value fails","2021-10-30 13:02:07"
201903,"Process Management","Other","process_other","NEW"," ---","WARNING: CPU: 4 PID: 4881 at kernel/workqueue.c:2440 check_flush_dependency+0xb2/0x130","2018-12-06 10:03:21"
202939,"Process Management","Other","process_other","NEW"," ---","/proc/<pid>/cgroup lists root cgroup when process crashed and core handler is running in some cases","2019-03-15 14:49:53"
203729,"Process Management","Other","process_other","NEW"," ---","tracing a segmentation fault","2019-05-27 19:15:33"
204313,"Process Management","Other","process_other","NEW"," ---","bug in sending a file","2019-07-25 17:11:41"
205705,"Process Management","Other","process_other","NEW"," ---","Linux Kernel 5.3.10 - perf_trace_lock_acquire use-after-free","2020-03-30 10:04:28"
205867,"Process Management","Other","process_other","NEW"," ---","CPU going into deep sleep and never recovers on Intel","2019-12-16 07:06:24"
205925,"Process Management","Other","process_other","NEW"," ---","File manager crash while searching a file","2019-12-20 10:53:47"
206115,"Process Management","Other","process_other","NEW"," ---","locking/qspinlock: MCS paper URL inaccessible","2020-01-07 14:55:31"
207351,"Process Management","Other","process_other","NEW"," ---","Opening /proc/<pid>/net/dev prevents network namespace from expiring","2020-04-19 10:35:58"
207371,"Process Management","Other","process_other","NEW"," ---","Misusing the process events connector API in one listener process can impact other listener processes","2020-04-20 15:45:18"
207429,"Process Management","Other","process_other","NEW"," ---","rfcomm bind, unplug/plug device","2020-04-25 08:55:32"
207915,"Process Management","Other","process_other","NEW"," ---","short mouse and system freezes on heavy USB I/O+processor load","2020-05-27 12:24:19"
208153,"Process Management","Other","process_other","NEW"," ---","WARNING in percpu_ref_switch_to_atomic_rcu","2020-10-18 22:57:14"
208265,"Process Management","Other","process_other","NEW"," ---","WARNING: CPU: 0 PID: 173774 at kernel/rcu/tree.c:1358 rcu_advance_cbs_nowake+0x59/0x60","2020-07-24 15:06:44"
208613,"Process Management","Other","process_other","NEW"," ---","It is necessary to add shrinker support for the pid_namespace","2020-11-26 12:09:51"
211575,"Process Management","Other","process_other","NEW"," ---","[rtl8139] inconsistent {IN-HARDIRQ-W} -> {HARDIRQ-ON-W} usage.","2022-02-08 22:53:31"
212237,"Process Management","Other","process_other","NEW"," ---","null-ptr-deref in _raw_spin_lock_irqsave+0x6c/0xd0","2021-03-12 03:35:22"
212509,"Process Management","Other","process_other","NEW"," ---","[rtl8139] HARDIRQ-safe -> HARDIRQ-unsafe lock order detected","2022-04-18 11:12:10"
212659,"Process Management","Other","process_other","NEW"," ---","ps:ps/display.c:66","2021-04-12 18:29:54"
213525,"Process Management","Other","process_other","NEW"," ---","cpu scaling governor set to performance is not showing max cpu MHz","2021-06-21 08:36:12"
213665,"Process Management","Other","process_other","NEW"," ---","ulimit stack size is ignored when executing binary via cgexec","2021-07-07 04:56:51"
215813,"Process Management","Other","process_other","NEW"," ---","syscall(SYS_vfork) causes execve() to return 0.","2022-04-08 10:27:09"
76911,"Process Management","Other","rlove","NEW"," ---","Spin lock on wake","2016-03-19 17:10:24"
106731,"Process Management","Other","rlove","NEW"," ---","User process live-lock occured with _raw_spin_lock on exit_sem","2015-10-29 12:27:03"
194709,"Process Management","Preemption","rlove","NEW"," ---","radeon driver hangs on full preempt system","2019-10-02 23:28:08"
196609,"Process Management","Preemption","rlove","NEW"," ---","unable to handle kernel NULL pointer dereference at 0000000000000021","2017-08-07 22:25:17"
196767,"Process Management","Preemption","rlove","NEW"," ---","Race-Condition in Address Santitizer (RT_PREEMPT-Kernel only?)","2017-08-25 10:09:18"
200199,"Process Management","Preemption","rlove","NEW"," ---","UBSAN: Undefined behaviour in ipc/mqueue.c:LINE","2018-06-22 23:20:37"
207035,"Process Management","Preemption","rlove","NEW"," ---","rcu: INFO: rcu_preempt self-detected stall on CPU","2020-03-31 08:06:59"
211061,"Process Management","Preemption","rlove","NEW"," ---","Kernel Panic with warning at kernel/sched/core.c:4745 preempt_count_sub+0xa0/0xfc","2021-01-06 19:16:01"
213219,"Process Management","Preemption","rlove","NEW"," ---","raw_local_irq_restore() called with IRQs enabled","2021-05-26 13:25:26"
214955,"Process Management","Preemption","rlove","NEW"," ---","running stress-ng cpu-online stressor triggers kworker preemptible bug","2021-11-05 18:59:23"
215620,"Process Management","Preemption","rlove","NEW"," ---","BUG: using smp_processor_id() in preemptible [00000000] code: sh/11737","2022-04-10 23:13:14"
61451,"Process Management","Other","process_other","ASSIGNED"," ---","Race condition in tasklet scheduling","2022-02-11 10:57:35"
51691,"Process Management","Scheduler","mingo","REOPENED"," ---","High cpu overhead on using multiple cores","2016-03-23 18:25:04"
50281,"Process Management","Other","process_other","REOPENED"," ---","High system CPU usage when contending futex","2014-06-25 02:09:30"
60795,"Process Management","Other","process_other","REOPENED"," ---","Unable to mount cgroups controller","2015-04-24 05:50:32"
13019,"Process Management","Other","adobriyan","RESOLVED","INVALID","/proc/<pid>/maps offset output broken in 2.6.29","2009-11-01 09:20:24"
14478,"Process Management","Other","adobriyan","RESOLVED","CODE_FIX","processes using libgc (such as w3m) crash under 2.6.32-rc4","2009-11-13 13:20:18"
14676,"Process Management","Other","adobriyan","RESOLVED","CODE_FIX","Process accounting logs all processes as UID 0","2009-12-16 13:10:43"
44621,"Process Management","Other","alan","RESOLVED","CODE_FIX","Missing NULL check of the return value of nla_reserve() in function cgroupstats_user_cmd() ?","2012-08-15 21:50:44"
65661,"Process Management","Other","drivers_other","RESOLVED","PATCH_ALREADY_AVAILABLE","Linux/Dracut stuck on boot (because of udev?)","2013-12-08 22:28:05"
9053,"Process Management","Scheduler","mingo","RESOLVED","CODE_FIX","Kernel bug encountered when attempting to close a xterm session","2007-11-18 08:18:12"
10361,"Process Management","Scheduler","mingo","RESOLVED","OBSOLETE","Compiling with CONFIG_RT_GROUP_SCHED breaks pam limits.conf rtprio assignment","2020-10-18 11:19:42"
10545,"Process Management","Scheduler","mingo","RESOLVED","CODE_FIX","sched_info_switch not being called according to documentation","2008-05-06 14:21:03"
13300,"Process Management","Scheduler","mingo","RESOLVED","OBSOLETE","maybe memory leak: cfs_rq","2012-10-30 17:29:19"
14531,"Process Management","Scheduler","mingo","RESOLVED","INVALID","[2.4.x regression] In kernel 2.6.x you cannot see the real CPU usage during IO operations","2010-05-27 19:24:15"
14881,"Process Management","Scheduler","mingo","RESOLVED","OBSOLETE","kernel bug at poweroff in kernel/sched.c:7374","2013-12-10 17:19:43"
15098,"Process Management","Scheduler","mingo","RESOLVED","OBSOLETE","Drive filling up with errors in log","2012-06-27 12:59:58"
15304,"Process Management","Scheduler","mingo","RESOLVED","PATCH_ALREADY_AVAILABLE","SMT scheduler regression in find_busiest_queue()","2010-02-14 23:01:14"
15314,"Process Management","Scheduler","mingo","RESOLVED","OBSOLETE","scheduler goes on vacation","2012-06-18 15:04:51"
15364,"Process Management","Scheduler","mingo","RESOLVED","CODE_FIX","Linux kernel prevents CPU cores from entering C3/C6 power savings states","2010-11-26 11:25:04"
15441,"Process Management","Scheduler","mingo","RESOLVED","OBSOLETE","Soft lockup: CPU#x stuck for 61s","2012-07-05 15:42:38"
15510,"Process Management","Scheduler","mingo","RESOLVED","UNREPRODUCIBLE","suspicious rcu_dereference_check() usage in scheduler_tick","2010-04-13 22:29:39"
15628,"Process Management","Scheduler","mingo","RESOLVED","INSUFFICIENT_DATA","Panic under heavy network/write load - BUG: unable to handle kernel paging request","2012-07-05 16:31:43"
15849,"Process Management","Scheduler","mingo","RESOLVED","OBSOLETE","Process migration stop working after sleep","2012-07-11 15:31:21"
16011,"Process Management","Scheduler","mingo","RESOLVED","OBSOLETE","Real-time policies hang some other processes running on other available cores","2013-12-10 21:36:38"
16417,"Process Management","Scheduler","mingo","RESOLVED","CODE_FIX","Slow context switches with SMP and CONFIG_FAIR_GROUP_SCHED","2011-01-19 12:01:38"
16527,"Process Management","Scheduler","mingo","RESOLVED","OBSOLETE","panic at do_wait->release_task –>__exit_signal->BUG_ON(!atomic_read(&sig->count));","2012-08-09 15:34:01"
16542,"Process Management","Scheduler","mingo","RESOLVED","OBSOLETE","scheduling while atomic: swapper/0/0x81000001","2012-08-09 15:42:32"
16589,"Process Management","Scheduler","mingo","RESOLVED","CODE_FIX","BUG: scheduling while atomic: udevd/960/0x10000001","2012-08-13 15:49:45"
16600,"Process Management","Scheduler","mingo","RESOLVED","CODE_FIX","BUG: scheduling while atomic -- Various processes","2010-08-16 03:37:35"
16991,"Process Management","Scheduler","mingo","RESOLVED","CODE_FIX","divide by zero bug in find_busiest_group  (actually  inlined update_sg_lb_stats )","2017-04-27 08:46:05"
24182,"Process Management","Scheduler","mingo","RESOLVED","OBSOLETE","cr2:0x0+0x38 pointer dereference in pick_next_task_fair+0x89/0x146","2012-08-14 13:53:47"
26912,"Process Management","Scheduler","mingo","RESOLVED","OBSOLETE","BUG: soft lockup - CPU#2 stuck for 61s!","2012-08-14 15:41:01"
27222,"Process Management","Scheduler","mingo","RESOLVED","INVALID","Scheduler doesn't correctly work with HT enabled CPUs under some loads","2012-08-14 18:38:30"
28352,"Process Management","Scheduler","mingo","RESOLVED","OBSOLETE","2.6.37 vs. ulatencyd and/or Chrome","2012-08-15 22:05:44"
28712,"Process Management","Scheduler","mingo","RESOLVED","OBSOLETE","soft lockup while boot","2012-08-15 22:10:02"
33152,"Process Management","Scheduler","mingo","RESOLVED","OBSOLETE","Panic with 2.6.39-rc3","2012-08-20 15:46:55"
33962,"Process Management","Scheduler","mingo","RESOLVED","WILL_NOT_FIX","Automatic process group scheduling breaks ""niceness"" behaviour","2012-08-20 15:55:40"
35012,"Process Management","Scheduler","mingo","RESOLVED","UNREPRODUCIBLE","Kernel oops in cpuacct_charge during clone","2011-05-24 17:10:40"
36412,"Process Management","Scheduler","mingo","RESOLVED","CODE_FIX","top stats broken","2011-06-10 07:45:12"
37322,"Process Management","Scheduler","mingo","RESOLVED","OBSOLETE","high load, unresponsive system spinning in rcu_kthread","2013-12-23 13:47:05"
37382,"Process Management","Scheduler","mingo","RESOLVED","OBSOLETE","machine hang due to task rebalance after about 209 days uptime","2012-08-24 14:38:28"
40082,"Process Management","Scheduler","mingo","RESOLVED","DUPLICATE","RCU stall in linux-3.0.0","2011-07-26 08:08:12"
42615,"Process Management","Scheduler","mingo","RESOLVED","CODE_FIX","BUG: scheduling while atomic: swapper","2012-02-06 07:30:26"
43056,"Process Management","Scheduler","mingo","RESOLVED","WILL_NOT_FIX","Divide by 0 error in task_utime resulting in a kernel loop","2012-04-14 09:50:09"
46321,"Process Management","Scheduler","mingo","RESOLVED","UNREPRODUCIBLE","Freeze while compiling, in cpuacct_charge","2014-02-07 13:36:48"
46511,"Process Management","Scheduler","mingo","RESOLVED","INVALID","A spectacular crash when playing audio / BUG: scheduling while atomic: AudioThread/XXXX/0x00000003","2012-08-28 13:44:45"
48281,"Process Management","Scheduler","mingo","RESOLVED","OBSOLETE","NULL pointer dereference, possibly in load balancer","2013-11-19 22:57:46"
51801,"Process Management","Scheduler","mingo","RESOLVED","INVALID","pick_next_task function can work better","2013-01-03 01:57:31"
52511,"Process Management","Scheduler","mingo","RESOLVED","OBSOLETE","BUG: soft lockup - CPU#1 stuck for 22s! [cc1plus:12548]","2013-09-04 21:51:05"
60611,"Process Management","Scheduler","mingo","RESOLVED","INVALID","Build error with the latest git kernel","2013-07-23 19:22:07"
60734,"Process Management","Scheduler","mingo","RESOLVED","CODE_FIX","Running a userspace program with MAP_SHARED on NUMA node 1 cores cause high unexpected scheduling delays","2014-05-13 13:35:04"
80251,"Process Management","Scheduler","mingo","RESOLVED","CODE_FIX","Crash early in boot that is likely scheduler related.","2014-07-27 23:29:30"
85251,"Process Management","Scheduler","mingo","RESOLVED","CODE_FIX","kernel oops during shutdown","2015-11-27 14:12:28"
85561,"Process Management","Scheduler","mingo","RESOLVED","INVALID","Random Crashes with 3.10.0-123.6.3.el7.x86_64","2014-10-23 15:45:30"
86021,"Process Management","Scheduler","mingo","RESOLVED","OBSOLETE","NMI Watchdog detected LOCKUP on CPU0","2014-10-23 14:27:35"
86451,"Process Management","Scheduler","mingo","RESOLVED","CODE_FIX","PC becomes unresponsive to input (and some output) devices, chvt hangs","2014-10-23 13:57:58"
104151,"Process Management","Scheduler","mingo","RESOLVED","DUPLICATE","Only one core being used","2015-09-07 08:16:00"
107541,"Process Management","Scheduler","mingo","RESOLVED","INVALID","During high load wait_event_timeout might return a wrong value","2015-11-11 06:41:59"
108641,"Process Management","Scheduler","mingo","RESOLVED","UNREPRODUCIBLE","[REGRESSION] crash on boot: ksoftirqd Fatal exception in interrupt, pids_uncharge.constprop, pids_free, cgroup_free","2015-12-14 12:27:10"
120481,"Process Management","Scheduler","mingo","RESOLVED","CODE_FIX","Performance drop 30-40% for SPECjbb2005 and SPECjvm2008 benchmarks","2016-07-22 10:03:04"
121351,"Process Management","Scheduler","mingo","RESOLVED","UNREPRODUCIBLE","CPU stuck on Intel Core i7–6700HQ","2016-07-11 13:12:45"
194231,"Process Management","Scheduler","mingo","RESOLVED","CODE_FIX","Group Imbalance bug - performance drop upto factor 10x","2020-06-25 13:48:07"
196763,"Process Management","Scheduler","mingo","RESOLVED","PATCH_ALREADY_AVAILABLE","Severe crashes with bfq scheduler","2017-09-09 05:12:46"
197089,"Process Management","Scheduler","mingo","RESOLVED","DUPLICATE","BUG: unable to handle kernel paging request at 000006c000000a4a","2017-09-30 15:43:51"
201327,"Process Management","Scheduler","mingo","RESOLVED","INVALID","removing module, when it`s calling schedule()","2018-10-05 03:09:23"
202981,"Process Management","Scheduler","mingo","RESOLVED","UNREPRODUCIBLE","Bad rss-counter state mm:000000006989aeaf idx:0 val:1(**Reproduceble**)","2019-03-23 12:10:40"
212363,"Process Management","Scheduler","mingo","RESOLVED","PATCH_ALREADY_AVAILABLE","many defunct process(make/sh) observed(a bug of devtoolset-8-make-4.2.1-4.el7.x86_64)","2021-03-21 02:52:04"
27092,"Process Management","Other","oleg","RESOLVED","INVALID","setpgid checks wrong parent","2011-01-20 20:23:48"
85301,"Process Management","Other","oleg","RESOLVED","WILL_NOT_FIX","ptracer can swallow signals when killed unexpectedly","2014-10-23 22:02:14"
8695,"Process Management","Other","other_other","RESOLVED","CODE_FIX","BUG: spinlock recursion","2007-11-17 18:53:02"
77711,"Process Management","Scheduler","other_other","RESOLVED","CODE_FIX","kernel panic with 3.15, but can boot 3.15-rc8","2014-07-28 12:59:07"
40092,"Process Management","Scheduler","paulmck","RESOLVED","OBSOLETE","RCU stall in linux-3.0.0","2012-08-24 15:44:52"
101021,"Process Management","Scheduler","platform_x86_64","RESOLVED","CODE_FIX","Multicore scheduling completely broken - Only one core being used at all times","2015-12-05 10:45:03"
29002,"Process Management","Other","power-management_other","RESOLVED","INVALID","cgroup for process limitation like ulimit","2012-08-15 22:15:04"
8921,"Process Management","Other","process_other","RESOLVED","CODE_FIX","setpgid fails from a thread other than main","2007-09-17 18:36:18"
9135,"Process Management","Other","process_other","RESOLVED","PATCH_ALREADY_AVAILABLE","top displaying 9999% CPU usage","2008-08-21 13:05:05"
9409,"Process Management","Other","process_other","RESOLVED","CODE_FIX","regression from softlockup fix","2007-11-21 04:47:07"
10702,"Process Management","Other","process_other","RESOLVED","OBSOLETE","Not aggregating thread stats in parent","2013-12-19 13:55:41"
11110,"Process Management","Other","process_other","RESOLVED","DOCUMENTED","Core dumps do not include writable unmodified MAP_PRIVATE maps","2009-03-26 16:40:29"
13698,"Process Management","Other","process_other","RESOLVED","INVALID","do_fork() fails when using VirtualBox on machine running 2.6.30.1 kernel","2009-07-08 14:32:08"
13868,"Process Management","Other","process_other","RESOLVED","OBSOLETE","struct pid memory leak via alloc_pid()","2013-12-10 16:42:58"
14288,"Process Management","Other","process_other","RESOLVED","CODE_FIX","BUG: bad unlock balance detected! trying to release lock (&futex_queues[i].lock)","2009-10-06 21:10:10"
15221,"Process Management","Other","process_other","RESOLVED","INSUFFICIENT_DATA","Unkillable zombie processes accumulate over (not so long) time","2012-06-27 13:16:19"
15358,"Process Management","Other","process_other","RESOLVED","OBSOLETE","Hung task - sync - 2.6.33-rc7  w/md6 multicore rebuild in process","2012-06-18 15:07:29"
15395,"Process Management","Other","process_other","RESOLVED","OBSOLETE","Synchronous SIGSEGV signal gets the wrong processor context","2013-12-02 11:01:51"
15434,"Process Management","Other","process_other","RESOLVED","INVALID","unable to handle kernel paging request at 40000018","2012-07-02 13:26:11"
15509,"Process Management","Other","process_other","RESOLVED","INVALID","POSIX-rights can overwirtten by bad software, every user can read/write all files","2010-03-10 19:11:09"
15511,"Process Management","Other","process_other","RESOLVED","OBSOLETE","[cppcheck] found a memory leak in linux-2.6/kernel/cred.c","2012-07-05 16:08:16"
15618,"Process Management","Other","process_other","RESOLVED","CODE_FIX","2.6.18->2.6.32->2.6.33 huge regression in performance","2010-04-19 19:09:09"
15898,"Process Management","Other","process_other","RESOLVED","OBSOLETE","Random soft lockups on system start/shutdown (bisected)","2012-07-11 15:57:12"
15980,"Process Management","Other","process_other","RESOLVED","CODE_FIX","Problems with cgroup inheritance","2012-07-11 16:19:14"
16398,"Process Management","Other","process_other","RESOLVED","OBSOLETE","NULL pointer dereference during detach_pid and attach_pid","2012-11-05 14:18:55"
17271,"Process Management","Other","process_other","RESOLVED","INVALID","[lxc","2010-08-29 09:10:50"
24852,"Process Management","Other","process_other","RESOLVED","OBSOLETE","Missing validation of execve() parameter","2013-12-10 22:47:20"
29242,"Process Management","Other","process_other","RESOLVED","WILL_NOT_FIX","ptracing() a process breaks its user time measurement","2012-08-16 10:58:49"
31022,"Process Management","Other","process_other","RESOLVED","OBSOLETE","Kernel oops under dequeue_task_fair","2019-06-16 04:36:20"
33212,"Process Management","Other","process_other","RESOLVED","OBSOLETE","Zombie process apparently cannot be reaped by init due to subtask","2012-10-05 02:13:21"
33852,"Process Management","Other","process_other","RESOLVED","PATCH_ALREADY_AVAILABLE","Regression of AR2413 802.11bg in 2.6.38.4","2011-06-07 13:36:48"
37012,"Process Management","Other","process_other","RESOLVED","OBSOLETE","WARNING: at kernel/lockdep.c:3351 check_flags.part.35+0x192/0x1a0","2013-12-23 13:46:15"
37022,"Process Management","Other","process_other","RESOLVED","OBSOLETE","WARNING: at kernel/lockdep.c:2507 trace_hardirqs_on_caller+0x12d/0x1d0, and BUG","2012-08-24 14:33:52"
42032,"Process Management","Other","process_other","RESOLVED","OBSOLETE","RLIMIT_CPU doesn't work with CLONE_NEWPID","2012-08-30 13:28:57"
43047,"Process Management","Other","process_other","RESOLVED","DUPLICATE","Need help: soft lockup for siglock in linux kernel 2.6.24.7","2012-04-14 09:50:09"
43288,"Process Management","Other","process_other","RESOLVED","DUPLICATE","panic occurred switching back to text console ubuntu 11.10","2012-05-30 11:26:43"
43771,"Process Management","Other","process_other","RESOLVED","CODE_FIX","kernel panic while system shutdown","2012-07-19 18:40:47"
44581,"Process Management","Other","process_other","RESOLVED","INSUFFICIENT_DATA","other applications hang while glibc test is running","2012-08-29 14:40:44"
45001,"Process Management","Other","process_other","RESOLVED","CODE_FIX","Load average computation seems wrong","2016-09-01 15:47:01"
45471,"Process Management","Other","process_other","RESOLVED","INVALID","Increasing load average over several kernel revisions","2013-01-22 20:02:13"
82991,"Process Management","Other","process_other","RESOLVED","CODE_FIX","Increased context switches","2014-10-26 23:06:29"
85671,"Process Management","Other","process_other","RESOLVED","INVALID","Linux kill command not killing all child processes","2014-10-23 15:29:22"
85821,"Process Management","Other","process_other","RESOLVED","INVALID","The parent process using signalfd, the child process cannot use signal()","2014-10-20 10:04:10"
87301,"Process Management","Other","process_other","RESOLVED","INVALID","google page is not opened","2014-12-10 17:41:50"
88511,"Process Management","Other","process_other","RESOLVED","INVALID","An attack where an ordinary user can prevent root from deleting his own files.","2014-12-08 21:44:51"
93311,"Process Management","Other","process_other","RESOLVED","CODE_FIX","Unkillable processes, where then even accessing /proc/<pid-of-that-process> blocks","2015-02-26 17:43:47"
98811,"Process Management","Other","process_other","RESOLVED","INVALID","/proc/[pid]/cmdline misses spaces","2015-05-29 15:58:30"
103381,"Process Management","Other","process_other","RESOLVED","INVALID","Sending signals always fails with EINVAL after forking off a new process with CLONE_VM","2015-08-23 19:37:24"
116921,"Process Management","Other","process_other","RESOLVED","WILL_NOT_FIX","num_cgroups not decremented, resulting in ""mount: none already mounted or /sys/fs/cgroup/test busy"" message","2016-04-24 13:00:00"
188311,"Process Management","Other","process_other","RESOLVED","PATCH_ALREADY_AVAILABLE","pthread_create() with PTHREAD_CREATE_DETACHED fails","2016-11-25 07:45:32"
194877,"Process Management","Other","process_other","RESOLVED","INVALID","CPU load up to 4-6 while idle","2018-01-31 15:38:24"
195053,"Process Management","Other","process_other","RESOLVED","CODE_FIX","cpu offline deadlock due to race condition with RCU and block layer","2017-08-24 14:32:22"
199515,"Process Management","Other","process_other","RESOLVED","CODE_FIX","undefined reference to `hmm_mm_destroy'","2018-05-02 17:23:24"
200447,"Process Management","Other","process_other","RESOLVED","CODE_FIX","infinite loop in fork syscall","2018-08-28 08:48:17"
206079,"Process Management","Other","process_other","RESOLVED","OBSOLETE","BUG: KASAN: null-ptr-deref in __kthread_should_park+0xd/0x50","2020-08-26 22:39:09"
207349,"Process Management","Other","process_other","RESOLVED","INVALID","Use up to 100% CPU and cause cracking and crashing","2020-04-24 19:05:35"
207609,"Process Management","Other","process_other","RESOLVED","CODE_FIX","task stuck in uninterruptible sleep following freezer cgroup freeze/thaw during core dump","2020-06-24 17:18:04"
208369,"Process Management","Other","process_other","RESOLVED","CODE_FIX","seccomp crash with Chromium, QtWebEngine and related browsers: seccomp-bpf failure in syscall 0072","2020-07-13 08:15:23"
209117,"Process Management","Other","process_other","RESOLVED","DOCUMENTED","Kernel versions starting from version 5.8 using too much CPU when idle","2020-09-02 03:28:15"
212043,"Process Management","Other","process_other","RESOLVED","OBSOLETE","BUG: MAX_LOCKDEP_CHAIN_HLOCKS too low! (at running btrfs test-suite )","2021-07-28 15:14:27"
12960,"Process Management","Preemption","rlove","RESOLVED","CODE_FIX","BUG using smp_processor_id() in preemptible [00000000] code: rndc/4018","2009-04-12 17:39:06"
15111,"Process Management","Preemption","rlove","RESOLVED","INVALID","rpath $ORIGIN useless when path contains colon","2010-01-23 21:44:55"
56021,"Process Management","Preemption","rlove","RESOLVED","INVALID","INFO: rcu_preempt detected stalls on CPUs/task","2013-04-17 22:15:05"
84131,"Process Management","Preemption","rlove","RESOLVED","INVALID","[bisected] Hard lockups under high CPU load - RCU Related?","2014-10-11 13:43:39"
197293,"Process Management","Preemption","rlove","RESOLVED","CODE_FIX","big latency more then 3000usec in PREEMPT_RT","2017-10-20 12:33:46"
59631,"Process Management","Scheduler","tglx","RESOLVED","INVALID","BUG: scheduling while atomic: swapper/3/0/0x00010002","2013-07-30 19:30:21"
51701,"Process Management","Other","tj","RESOLVED","CODE_FIX","Workqueue: issue with singlethreaded self-freeing queues","2013-03-04 22:51:42"
199857,"Process Management","Other","tj","RESOLVED","CODE_FIX","dmcrypt threads compete excessively with user processes for CPU time","2019-12-06 18:46:47"
28242,"Process Management","Scheduler","ybanerji","RESOLVED","UNREPRODUCIBLE","""Kernel Panic - not syncing Attempted to kill init! ""","2013-05-21 18:13:57"
8154,"Process Management","Scheduler","gangadharan","RESOLVED","CODE_FIX","nice level should not affect SCHED_RR timeslice","2007-11-17 19:05:02"
2060,"Process Management","Scheduler","mingo","RESOLVED","CODE_FIX","Line buffered output to X terminals much slower than in 2.4","2007-11-17 18:05:21"
7041,"Process Management","Other","mingo","RESOLVED","CODE_FIX","Comment field for RLIMIT_CPU appears incorrect","2007-11-17 19:19:49"
7476,"Process Management","Scheduler","mingo","RESOLVED","PATCH_ALREADY_AVAILABLE","migration cost estimator inaccurate due to touch_cache() defects","2007-11-17 19:12:01"
8078,"Process Management","Scheduler","mingo","RESOLVED","CODE_FIX","2.6.20 very bad scalability","2007-11-17 19:06:28"
3261,"Process Management","Scheduler","nickpiggin","RESOLVED","CODE_FIX","scheduler not working well enough for HT/SMT on low loads","2006-02-25 07:57:06"
8220,"Process Management","Other","okir","RESOLVED","PATCH_ALREADY_AVAILABLE","do_acct_process is not called from do_exit","2007-11-17 18:57:39"
3627,"Process Management","Other","process_other","RESOLVED","CODE_FIX","sys_mq_open segfaults if no /proc/sys support in kernel","2004-10-29 02:29:27"
3745,"Process Management","Other","process_other","RESOLVED","CODE_FIX","rejection while reading /proc/{pid}/mem due to parent death","2007-09-20 01:25:27"
5039,"Process Management","Other","process_other","RESOLVED","CODE_FIX","high cpu usage (softirq takes 50% all the time)","2007-07-25 16:19:09"
7210,"Process Management","Other","process_other","RESOLVED","CODE_FIX","Clone flag CLONE_PARENT_SETTID leaves invalid results in memory.","2014-05-27 16:12:51"
7358,"Process Management","Other","process_other","RESOLVED","CODE_FIX","Core dumps truncated in 2.6.19-rc1.","2006-10-12 20:54:21"
719,"Process Management","Scheduler","rlove","RESOLVED","PATCH_ALREADY_AVAILABLE","[perf][kernbench] lower performance with HT enabled on low loads","2003-06-04 14:28:26"
3019,"Process Management","Scheduler","rlove","RESOLVED","CODE_FIX","Ogg playback skips every few minutes, even without load","2006-01-02 04:37:47"
6733,"Process Management","Scheduler","rlove","RESOLVED","CODE_FIX","init task run on wrong cpu when using isolcpus","2007-01-31 01:09:37"
12199,"Process Management","Other","adobriyan","REJECTED","INVALID","/proc/1/exe entry of PID namespace init process links to wrong executable","2009-03-08 05:18:03"
9726,"Process Management","Scheduler","mingo","REJECTED","INVALID","Single CPU-intensive process keeps switching between CPU cores for no apparent reason","2008-06-03 23:36:25"
10177,"Process Management","Scheduler","mingo","REJECTED","INVALID","SIGPROF isn't dispatched properly when do profiling with gprof","2008-03-06 23:28:43"
11708,"Process Management","Scheduler","mingo","REJECTED","INVALID","Processes hang indefinitely on a Core(TM)2 Quad CPU Q6600","2008-11-14 08:15:31"
12562,"Process Management","Scheduler","mingo","REJECTED","INVALID","High overhead while switching or synchronizing threads on different cores","2009-02-02 21:20:23"
9039,"Process Management","Other","process_other","REJECTED","INVALID","GDB is not trapping SIGINT. Ctrl+C terminates program when should break gdb.","2022-03-24 10:57:09"
9579,"Process Management","Other","process_other","REJECTED","INVALID","Returning from a function with a pointer to a local variable on kernel/sysctl.c","2008-09-24 03:38:52"
11098,"Process Management","Other","process_other","REJECTED","INSUFFICIENT_DATA","waitpid() by threaded app never returns","2008-10-09 07:59:28"
12209,"Process Management","Other","process_other","REJECTED","WILL_NOT_FIX","oldish top core dumps (in its meminfo() function)","2009-07-08 14:17:01"
4898,"Process Management","Other","akpm","REJECTED","INVALID","Kernel panic on SMP boot","2005-07-16 19:34:42"
8408,"Process Management","Other","alan","REJECTED","DOCUMENTED","execve() wrongly permits argv and envp to be NULL","2022-01-28 15:57:35"
3828,"Process Management","Other","alexn","REJECTED","INVALID","fork doesn't return child PID to father","2004-12-02 05:33:07"
557,"Process Management","Other","bugme-janitors","REJECTED","INVALID","Advanced kernel-level clustering concept outline","2003-04-08 14:02:01"
1124,"Process Management","Other","bugme-janitors","REJECTED","INVALID","SEGV signal handler set by sigaction not reinstalled","2003-08-19 10:28:46"
1180,"Process Management","Other","bugme-janitors","REJECTED","INVALID","Memory killer bug in 2.6?","2003-09-23 10:27:52"
1600,"Process Management","Other","bugme-janitors","REJECTED","INSUFFICIENT_DATA","reboot 2.4.22 : kernel BUG at sched.c:564","2006-01-31 03:52:37"
800,"Process Management","Scheduler","bunk","REJECTED","UNREPRODUCIBLE","2.5.70-bk15 - flood of ""scheduling while atomic!"" and panic on boot","2004-12-11 15:39:24"
7927,"Process Management","Scheduler","dezelin","REJECTED","INVALID","a problem with the semaphore implememtation","2007-08-29 13:05:39"
959,"Process Management","Scheduler","diegocg","REJECTED","UNREPRODUCIBLE","'make menuconfig' hangs in a gnome-terminal","2004-12-03 08:28:50"
1367,"Process Management","Other","jeffpc","REJECTED","DUPLICATE","Ooop in 2.6.0-test7 (top proc)","2003-10-17 20:31:30"
178,"Process Management","Other","mbligh","REJECTED","INVALID","Execvp does not work in a multithreaded program.","2002-12-16 06:31:12"
4808,"Process Management","Other","mingo","REJECTED","UNREPRODUCIBLE","ps reports a non-existent parent process","2007-11-29 08:20:59"
6623,"Process Management","Preemption","mingo","REJECTED","UNREPRODUCIBLE","AMD X2 series freezes with Mandatory Preemption in SMP kernel","2007-11-29 08:23:04"
4612,"Process Management","Other","other_other","REJECTED","DOCUMENTED","mincore system call should give error EINVAL for 'non positive length' but instead gives ENOMEM","2007-08-25 22:19:10"
5113,"Process Management","Other","other_other","REJECTED","WILL_NOT_FIX","syslog not reentrant","2007-11-27 02:54:12"
7301,"Process Management","Other","other_other","REJECTED","INVALID","Posix mq_receive not working","2009-06-11 09:53:57"
7975,"Process Management","Other","other_other","REJECTED","INVALID","Segmentation fault calling pidof program CentOS/RHEL","2007-11-29 08:13:55"
6581,"Process Management","Other","pavel","REJECTED","INSUFFICIENT_DATA","swsusp won't stop if process in gdb on a break point.","2006-11-14 14:25:14"
1710,"Process Management","Other","process_other","REJECTED","UNREPRODUCIBLE","Processes die unexpectedly and remain in process list on a very regular basis","2005-08-07 15:29:50"
2364,"Process Management","Other","process_other","REJECTED","INVALID","Deadlock in futex code","2004-04-12 12:53:07"
2536,"Process Management","Other","process_other","REJECTED","INSUFFICIENT_DATA","Kernel panic","2006-02-03 15:12:36"
2818,"Process Management","Other","process_other","REJECTED","INSUFFICIENT_DATA","A process prevents suspend in .2.6.6","2006-11-24 13:34:56"
2890,"Process Management","Other","process_other","REJECTED","INSUFFICIENT_DATA","Badness in futex_wait at kernel/futex.c","2006-02-04 10:40:13"
2912,"Process Management","Other","process_other","REJECTED","INSUFFICIENT_DATA","Kernel freeze when make mkisofs!","2006-02-22 15:28:47"
3285,"Process Management","Other","process_other","REJECTED","INVALID","SIGILL handler doesn't get called more than once","2004-08-27 00:45:55"
4034,"Process Management","Other","process_other","REJECTED","DUPLICATE","clock_gettime doesn't work with CLOCK_THREAD_CPUTIME_ID","2005-01-13 05:04:57"
4035,"Process Management","Other","process_other","REJECTED","DOCUMENTED","clock_gettime doesn't work with CLOCK_THREAD_CPUTIME_ID","2006-11-12 12:27:24"
4071,"Process Management","Other","process_other","REJECTED","INSUFFICIENT_DATA","kernel BUG at include/linux/smp_lock.h:52!","2006-02-10 01:25:40"
4081,"Process Management","Other","process_other","REJECTED","INVALID","OpenOffice crashes while starting due to a threading error","2005-01-27 17:36:42"
4184,"Process Management","Other","process_other","REJECTED","INVALID","insertion into task_struct breaks the kernel","2007-11-20 00:35:25"
4207,"Process Management","Other","process_other","REJECTED","INVALID","ptrace system call is unreliable","2006-11-10 10:44:10"
4674,"Process Management","Other","process_other","REJECTED","INVALID","Fatal exception in interrupt","2005-07-07 05:32:14"
4805,"Process Management","Other","process_other","REJECTED","INSUFFICIENT_DATA","oops when reading /proc/10140/statm, where 10140 is root's login","2005-08-11 02:38:37"
5762,"Process Management","Other","process_other","REJECTED","INVALID","sigkill leaves process running with RSS=0 in 2.6.15-rc5","2006-11-09 04:53:24"
6258,"Process Management","Other","process_other","REJECTED","WILL_NOT_FIX","nice value should be process-wide, not per-thread","2007-09-27 09:58:58"
6914,"Process Management","Other","process_other","REJECTED","UNREPRODUCIBLE","SIGINT issued while blocked causes write() syscall to output garbage","2007-11-29 08:19:56"
7142,"Process Management","Other","process_other","REJECTED","INVALID","hald (hal daemon) won't load or stay loaded","2006-09-10 08:31:05"
775,"Process Management","Scheduler","ricklind","REJECTED","INVALID","NUMA scheduler takes no account of thread groupings","2007-05-21 07:42:54"
803,"Process Management","Scheduler","rlove","REJECTED","INVALID","System crash with heavy NFS load","2003-06-13 15:21:11"
1368,"Process Management","Scheduler","rlove","REJECTED","INVALID","in_atomic():1, irqs_disabled():0 error","2003-10-17 13:39:24"
3380,"Process Management","Scheduler","rlove","REJECTED","UNREPRODUCIBLE","Attempted to kill the idle task!","2005-07-12 06:18:59"
3720,"Process Management","Preemption","rlove","REJECTED","INSUFFICIENT_DATA","Unable to handle kernel NULL pointer dereference at virtual address 00000000","2006-07-28 02:02:42"
3997,"Process Management","Scheduler","rlove","REJECTED","INSUFFICIENT_DATA","Process starvation","2006-12-02 01:44:05"
4085,"Process Management","Scheduler","rlove","REJECTED","INSUFFICIENT_DATA","invalid operand. EIP is at schedule_timeout+0x35/0xb7","2006-02-09 12:19:38"
7032,"Process Management","Scheduler","rlove","REJECTED","DOCUMENTED","Very poor interactivity, lumpy IO?","2007-10-04 07:46:35"
7710,"Process Management","Scheduler","rlove","REJECTED","INVALID","new way of assigning scheduling priority","2007-06-05 23:20:29"
5097,"Process Management","Other","sbalkee","REJECTED","INVALID","PKSTACK","2007-05-17 14:59:52"
431,"Process Management","Other","zwane","REJECTED","INSUFFICIENT_DATA","kernel BUG at include/linux/smp_lock.h:53!","2003-10-06 21:02:12"
841,"Process Management","Other","zwane","REJECTED","WILL_NOT_FIX","RFE: Sysrq new feature request","2003-07-28 17:39:09"
51591,"Process Management","Other","alan","NEEDINFO"," ---","/proc/[pid]/stat executable name issue","2012-12-18 20:21:54"
90891,"Process Management","Other","lenb","NEEDINFO"," ---","After resume, scheduler's not dispatching over distant NUMA nodes","2016-11-16 14:13:57"
42789,"Process Management","Other","process_other","NEEDINFO"," ---","cpuset cgroup: when a CPU goes offline, it is removed from all cgroup's cpuset.cpus, but when it comes online, it is only restored to the root cpuset.cpus","2012-08-30 14:43:20"
62241,"Process Management","Other","process_other","NEEDINFO"," ---","getcontext() and swapcontext() not preserving signal mask in 32-bit mode","2013-11-13 14:28:11"
67421,"Process Management","Other","process_other","NEEDINFO"," ---","java application can crash the OS for any user","2013-12-27 17:41:19"
215548,"Process Management","Other","process_other","NEEDINFO"," ---","High cpu usage caused by kernel process when upgraded to linux 5.16","2022-02-02 03:21:46"
9180,"Process Management","Other","axboe","CLOSED","PATCH_ALREADY_AVAILABLE","Null pointer dereference in workqueue processing in kblockd process on switching I/O scheduler","2007-12-27 13:30:13"
12701,"Process Management","Scheduler","axboe","CLOSED","INSUFFICIENT_DATA","a LWP of thread become another thread's LWP, but the process isn't crash","2012-05-30 14:02:25"
9101,"Process Management","Other","drivers_other","CLOSED","CODE_FIX","oprofile Oops in wq_sync_buffer/get_task_mm","2007-11-20 00:31:22"
8937,"Process Management","Preemption","Larry.Finger","CLOSED","CODE_FIX","BUG prempt in workqueue.c","2007-09-06 10:36:13"
9575,"Process Management","Other","lethal","CLOSED","CODE_FIX","NULL pointer dereference on kernel/auditsc.c","2008-09-20 23:54:26"
9576,"Process Management","Other","lethal","CLOSED","CODE_FIX","Dereferencing a null pointer on kernel/auditsc.c at line 461","2008-09-21 00:01:57"
12611,"Process Management","Other","menage","CLOSED","CODE_FIX","kernel BUG at kernel/cgroup.c:398!","2009-02-04 15:33:09"
9352,"Process Management","Scheduler","mingo","CLOSED","CODE_FIX","2.6.24-rc1-gb4f5550 oops","2007-11-20 00:29:50"
9524,"Process Management","Scheduler","mingo","CLOSED","DUPLICATE","[PATCH] scheduler: fix x86 regression in native_sched_clock","2011-03-03 01:04:26"
9577,"Process Management","Scheduler","mingo","CLOSED","PATCH_ALREADY_AVAILABLE","NULL pointer reading on kernel/exit.c","2007-12-16 07:26:24"
9779,"Process Management","Scheduler","mingo","CLOSED","CODE_FIX","Setting cpu_share to 1 freezes system","2008-01-22 20:39:35"
9906,"Process Management","Scheduler","mingo","CLOSED","CODE_FIX","Weird hang with NPTL and SIGPROF.","2009-03-23 10:07:11"
9942,"Process Management","Scheduler","mingo","CLOSED","INVALID","Can't boot AMD64 X2 with Fair group CPU scheduler enabled","2008-02-13 15:50:03"
9950,"Process Management","Scheduler","mingo","CLOSED","CODE_FIX","2.6.24-git2: Oracle 11g VKTM process enters R state on startup and is unkillable [still broken in 2.6.25-rc1]","2008-02-14 09:53:39"
9978,"Process Management","Scheduler","mingo","CLOSED","CODE_FIX","2.6.25-rc1: volanoMark regression","2009-03-24 04:42:19"
10012,"Process Management","Scheduler","mingo","CLOSED","CODE_FIX","interactivity problems in -git4+","2008-03-05 15:44:58"
10022,"Process Management","Scheduler","mingo","CLOSED","DUPLICATE","[2.6.25-rc1] jerky mouse cursor and randoooom key repeats","2008-03-04 14:56:40"
10146,"Process Management","Scheduler","mingo","CLOSED","CODE_FIX","2.6.25-rc: complete lockup on boot/start of X (bisected)","2008-03-26 16:59:35"
10157,"Process Management","Scheduler","mingo","CLOSED","CODE_FIX","Some processes are dealocked when one cpu is set to offline","2008-03-09 17:44:35"
10169,"Process Management","Scheduler","mingo","CLOSED","DUPLICATE","[BUG 2.6.25-rc3] scheduler/hotplug: some processes are dealocked when cpu is set to offline","2008-03-05 12:34:12"
10178,"Process Management","Scheduler","mingo","CLOSED","DUPLICATE","SIGPROF isn't dispatched properly when do profiling with gprof","2011-03-03 01:04:41"
10215,"Process Management","Scheduler","mingo","CLOSED","OBSOLETE","audio-video synchronization problems","2012-05-12 01:26:40"
10408,"Process Management","Scheduler","mingo","CLOSED","OBSOLETE","SMP: Maximally nice 4-threaded process trumps other single-threaded ones","2012-05-18 10:37:52"
10428,"Process Management","Scheduler","mingo","CLOSED","CODE_FIX","[rc8] Regression: key repeats and skips in music during compilation","2008-04-14 15:04:33"
10616,"Process Management","Scheduler","mingo","CLOSED","CODE_FIX","Horrendous Audio Stutter - current git","2008-06-15 19:30:02"
10634,"Process Management","Scheduler","mingo","CLOSED","CODE_FIX","volanoMark regression with kernel 2.6.26-rc1","2008-06-05 14:07:25"
10638,"Process Management","Scheduler","mingo","CLOSED","CODE_FIX","sysbench+mysql(oltp, readonly) 30% regression with 2.6.26-rc1","2008-06-05 14:36:11"
10640,"Process Management","Scheduler","mingo","CLOSED","CODE_FIX","audio skipping on 2.6.26-rc1","2008-05-13 15:05:08"
10648,"Process Management","Scheduler","mingo","CLOSED","CODE_FIX","CONFIG_PRINTK_TIME broken on git HEAD ?","2008-06-09 04:16:58"
10761,"Process Management","Scheduler","mingo","CLOSED","CODE_FIX","hackbench regression with 2.6.26-rc2 on tulsa machine","2008-06-08 09:49:33"
11204,"Process Management","Scheduler","mingo","CLOSED","CODE_FIX","Commit 76a2a6ee8a0660a29127f05989ac59ae1ce865fa breaks PXA270 (at least)?","2008-08-12 11:06:34"
11207,"Process Management","Scheduler","mingo","CLOSED","CODE_FIX","VolanoMark regression with 2.6.27-rc1","2008-12-13 10:50:37"
11209,"Process Management","Scheduler","mingo","CLOSED","CODE_FIX","2.6.27-rc1 process time accounting","2008-11-16 10:03:17"
11227,"Process Management","Scheduler","mingo","CLOSED","CODE_FIX","BUG on booting 2.6.27-rc1","2008-08-06 09:10:36"
11264,"Process Management","Scheduler","mingo","CLOSED","CODE_FIX","Invalid op opcode in kernel/workqueue","2008-11-16 10:05:32"
11269,"Process Management","Scheduler","mingo","CLOSED","CODE_FIX","sched: revert cpu_clock to pre-27ec4407790d075c325e1f4da0a19c56953cce23 state","2008-08-12 11:12:05"
11304,"Process Management","Scheduler","mingo","CLOSED","CODE_FIX","30x increase in context switches from 2.6.23 -> 2.6.25","2012-05-22 13:17:42"
11307,"Process Management","Scheduler","mingo","CLOSED","CODE_FIX","mysql+oltp regression","2008-08-12 11:23:38"
11505,"Process Management","Scheduler","mingo","CLOSED","CODE_FIX","oltp ~10% regression with 2.6.27-rc5 on stoakley machine","2008-11-16 10:54:14"
11836,"Process Management","Scheduler","mingo","CLOSED","INSUFFICIENT_DATA","Scheduler on C2D CPU and latest 2.6.27 kernel","2008-11-22 13:57:17"
12108,"Process Management","Scheduler","mingo","CLOSED","INSUFFICIENT_DATA","WARNING: at kernel/sched.c","2012-05-22 15:30:51"
12155,"Process Management","Scheduler","mingo","CLOSED","CODE_FIX","Regression in 2.6.28-rc and 2.6.27-stable - hibernate related","2013-04-09 06:23:26"
12313,"Process Management","Scheduler","mingo","CLOSED","OBSOLETE","Without CONFIG_FAIR_GROUP_SCHED=y, system becomes unresponsive when boinc is running","2012-05-14 16:16:27"
12465,"Process Management","Scheduler","mingo","CLOSED","UNREPRODUCIBLE","KVM guests stalling on 2.6.28 (bisected)","2012-03-13 23:43:29"
12655,"Process Management","Scheduler","mingo","CLOSED","OBSOLETE","Reading /proc/stat on MAXSMP tries to do 128K linear allocations which are slow and can fail","2012-05-30 13:00:46"
12687,"Process Management","Scheduler","mingo","CLOSED","UNREPRODUCIBLE","hang, won't allow new processes to be created","2010-01-25 14:43:27"
12939,"Process Management","Scheduler","mingo","CLOSED","OBSOLETE","Regression in scheduler performance while using htep clocksource","2012-05-30 14:58:22"
13522,"Process Management","Scheduler","mingo","CLOSED","CODE_FIX","BUG: scheduling while atomic","2009-07-08 14:41:01"
13631,"Process Management","Scheduler","mingo","CLOSED","OBSOLETE","BUG/panic - update_curr","2012-06-12 10:01:56"
14150,"Process Management","Scheduler","mingo","CLOSED","CODE_FIX","BUG: soft lockup - CPU#3 stuck for 61s!, while running cpu controller latency testcase on two containers parallaly","2012-06-13 16:52:39"
14209,"Process Management","Scheduler","mingo","CLOSED","OBSOLETE","pipes are twice as slow than tempfiles","2012-06-13 17:07:19"
14269,"Process Management","Scheduler","mingo","CLOSED","CODE_FIX","Something seems wrong with process time accounting","2009-10-01 16:44:29"
14383,"Process Management","Scheduler","mingo","CLOSED","CODE_FIX","hackbench regression with kernel 2.6.32-rc1","2009-11-23 19:15:51"
14384,"Process Management","Scheduler","mingo","CLOSED","CODE_FIX","tbench regression with 2.6.32-rc1","2009-11-23 19:15:09"
14621,"Process Management","Scheduler","mingo","CLOSED","OBSOLETE","specjbb2005 and aim7 regression with 2.6.32-rc kernels","2012-06-18 12:35:34"
14630,"Process Management","Scheduler","mingo","CLOSED","CODE_FIX","sched_rt_periodic_timer vs cpu hotplug","2009-12-29 21:22:29"
14727,"Process Management","Scheduler","mingo","CLOSED","UNREPRODUCIBLE","livelock in futex_wait_setup","2009-12-29 20:50:04"
14923,"Process Management","Scheduler","mingo","CLOSED","CODE_FIX","Regression in 2.6.32.2: segfault on halt","2009-12-29 21:53:07"
15034,"Process Management","Scheduler","mingo","CLOSED","CODE_FIX","volano ~30% regression","2010-01-24 21:43:43"
15036,"Process Management","Scheduler","mingo","CLOSED","CODE_FIX","soft lockup in dmesg after suspend/resume","2011-01-16 22:13:32"
15192,"Process Management","Scheduler","mingo","CLOSED","CODE_FIX","netperf ~50% regression with 2.6.33-rc1, bisect to 1b9508f","2010-03-22 21:29:37"
15818,"Process Management","Scheduler","mingo","CLOSED","UNREPRODUCIBLE","2.6.33.2 BUG at exit.c:1027!","2010-12-08 19:31:57"
16199,"Process Management","Scheduler","mingo","CLOSED","CODE_FIX","2.6.35-rc2-git1 - include/linux/cgroup.h:534 invoked rcu_dereference_check() without protection!","2010-07-09 21:30:08"
16346,"Process Management","Scheduler","mingo","CLOSED","WILL_FIX_LATER","2.6.35-rc3-git8 - include/linux/fdtable.h:88 invoked rcu_dereference_check() without protection!","2010-07-10 00:35:34"
18802,"Process Management","Scheduler","mingo","CLOSED","DUPLICATE","kworker: high CPU usage -> system sluggish","2011-03-03 01:04:55"
22662,"Process Management","Scheduler","mingo","CLOSED","CODE_FIX","divide error in select_task_rq_fair()","2011-02-02 23:40:14"
26842,"Process Management","Scheduler","mingo","CLOSED","CODE_FIX","[2.6.37 regression] threads with CPU affinity cannot be killed","2011-02-12 23:18:09"
27142,"Process Management","Scheduler","mingo","CLOSED","CODE_FIX","Kernel panic on highly loaded webserver in task_rq_lock","2012-06-13 15:01:35"
33522,"Process Management","Scheduler","mingo","CLOSED","WILL_NOT_FIX","variable 'rq' set but not used","2012-05-12 14:38:13"
37872,"Process Management","Scheduler","mingo","CLOSED","CODE_FIX","CPU lockup during boot","2011-08-15 08:07:14"
38732,"Process Management","Scheduler","mingo","CLOSED","CODE_FIX","Linux 3.0-rc5 doesnt boot and hangs at rcu_sched_state ()","2011-08-14 19:09:10"
41242,"Process Management","Scheduler","mingo","CLOSED","INVALID","set_next_entity get NULL pointer reference","2012-05-12 13:50:18"
55301,"Process Management","Scheduler","mingo","CLOSED","INVALID","Simultaneous Transactions","2013-11-13 21:49:41"
60814,"Process Management","Scheduler","mingo","CLOSED","INVALID","make -jx where x > 2 fails and hangs system when compiling kernel","2013-11-13 15:36:03"
107131,"Process Management","Scheduler","mingo","CLOSED","DOCUMENTED","scheduler deadlock","2016-03-28 06:36:08"
10095,"Process Management","Other","mtk.manpages","CLOSED","PATCH_ALREADY_AVAILABLE","Kernel does not honour _ARG_MAX when computing size of argp+envp in execve'd new process image.","2008-10-04 19:34:21"
10350,"Process Management","Preemption","networking_netfilter-iptables","CLOSED","OBSOLETE","__kfree_skb crashed the kernel?","2012-05-18 10:43:48"
10804,"Process Management","Other","platform_i386","CLOSED","DOCUMENTED","/proc/sys/kernel/nmi_watchdog controls nmi_watchdog_enabled and not nmi_watchdog","2010-01-19 17:43:39"
9737,"Process Management","Other","process_other","CLOSED","INSUFFICIENT_DATA","2.6.24-rc7 -- WARNING: at kernel/lockdep.c:2662 check_flags()","2009-08-20 14:39:51"
10635,"Process Management","Other","process_other","CLOSED","CODE_FIX","AIM7 40% regression with 2.6.26-rc1","2008-05-11 03:05:06"
10641,"Process Management","Other","process_other","CLOSED","INVALID","[BUG] 2.6.26-rc1-git4 - task blocked on powerpc for more than 120 seconds","2008-05-19 02:01:22"
10815,"Process Management","Other","process_other","CLOSED","CODE_FIX","2.6.26-rc4: RIP find_pid_ns+0x6b/0xa0","2008-07-13 11:08:01"
11208,"Process Management","Other","process_other","CLOSED","CODE_FIX","Bug in 2b2a1ff64afbadac842bbc58c5166962cf4f7664 ?","2008-08-01 14:08:46"
11274,"Process Management","Other","process_other","CLOSED","CODE_FIX","Oops when accessing /proc/lockdep_chains","2008-08-12 11:14:35"
11278,"Process Management","Other","process_other","CLOSED","CODE_FIX","2.6.27-rc2: Very odd top: '5124095h kthreadd' display","2008-08-17 05:18:22"
11344,"Process Management","Other","process_other","CLOSED","CODE_FIX","lockdep link failed","2008-08-24 12:21:18"
11356,"Process Management","Other","process_other","CLOSED","DUPLICATE","Linux 2.6.27-rc3 - build failure: undefined reference to `.lockdep_count_forward_deps'","2008-08-24 12:21:25"
11383,"Process Management","Other","process_other","CLOSED","CODE_FIX","tracehook breaks dhcpcd child processing","2008-08-20 12:00:57"
11391,"Process Management","Other","process_other","CLOSED","CODE_FIX","Kernel NULL pointer dereference in do_notify_parent()","2008-09-02 23:39:11"
11438,"Process Management","Other","process_other","CLOSED","UNREPRODUCIBLE","Upcoming oops in lockdep","2008-09-01 08:37:00"
11553,"Process Management","Other","process_other","CLOSED","DUPLICATE","Strange looking line from ""ps aux""","2008-09-14 17:17:36"
11837,"Process Management","Other","process_other","CLOSED","CODE_FIX","NULL pointer dereference, IP: [<c0190884>] page_cgroup_zoneinfo+0xf/0x1b","2008-10-25 12:28:54"
12201,"Process Management","Other","process_other","CLOSED","OBSOLETE","long wait in call_usermodehelper() / queue_work() / wait_for_completion()","2012-05-14 16:22:17"
12618,"Process Management","Other","process_other","CLOSED","CODE_FIX","hackbench [pthread mode] regression with 2.6.29-rc3","2009-02-25 15:00:26"
12911,"Process Management","Other","process_other","CLOSED","CODE_FIX","Limiting cpu time doesn't work","2009-04-05 10:57:58"
13090,"Process Management","Other","process_other","CLOSED","DOCUMENTED","pid_max no writable in 2.6.29.1?","2009-07-20 14:41:52"
13107,"Process Management","Other","process_other","CLOSED","WILL_NOT_FIX","LTP 20080131 causes defunct processes w/2.6.30-rc1","2009-05-23 00:06:42"
13331,"Process Management","Other","process_other","CLOSED","CODE_FIX","FUTEX_LOCK_PI kills kernel","2009-05-25 23:24:51"
13366,"Process Management","Other","process_other","CLOSED","INSUFFICIENT_DATA","About 80% of shutdowns fail (blocking)","2013-04-09 06:23:26"
14373,"Process Management","Other","process_other","CLOSED","CODE_FIX","Task blocked for more than 120 seconds","2009-11-17 21:58:19"
14489,"Process Management","Other","process_other","CLOSED","OBSOLETE","When using PERF_FORMAT_GROUP, ""time running"" and ""time enabled"" can be incorrect","2012-06-13 20:44:54"
14898,"Process Management","Other","process_other","CLOSED","CODE_FIX","ksoftirqd problem","2010-02-22 18:21:57"
14950,"Process Management","Other","process_other","CLOSED","OBSOLETE","tbench regression with 2.6.33-rc1","2012-06-14 17:03:08"
14951,"Process Management","Other","process_other","CLOSED","CODE_FIX","lockdep possible recursive lock in slab parent->list->rlock","2010-01-04 20:17:33"
15037,"Process Management","Other","process_other","CLOSED","CODE_FIX","BUG during shutdown - bisected to commit e2912009","2010-01-24 21:42:24"
15245,"Process Management","Other","process_other","CLOSED","UNREPRODUCIBLE","[2.6.33-rc6 Weird JCPU times?","2011-05-03 20:59:16"
15273,"Process Management","Other","process_other","CLOSED","CODE_FIX","Regression in ptrace (Wine) starting with 2.6.33-rc1","2010-02-22 22:15:15"
15804,"Process Management","Other","process_other","CLOSED","DOCUMENTED","BUG: soft lockup - CPU#0 stuck","2012-05-14 17:24:59"
16255,"Process Management","Other","process_other","CLOSED","CODE_FIX","2.6.35-rc3 deadlocks on semaphore operations","2010-07-23 11:25:37"
16951,"Process Management","Other","process_other","CLOSED","INVALID","hackbench regression with 2.6.36-rc1","2011-04-20 19:53:44"
17281,"Process Management","Other","process_other","CLOSED","CODE_FIX","[lxc] gdb cannot debug bash properly in an LXC container","2011-01-24 12:41:46"
22082,"Process Management","Other","process_other","CLOSED","CODE_FIX","2.6.36-git11 -- kernel/pid.c:419 invoked rcu_dereference_check() without protection!","2010-12-02 20:48:50"
25702,"Process Management","Other","process_other","CLOSED","CODE_FIX","[cppcheck] found regression due to missing ""{""","2011-01-24 12:57:46"
30432,"Process Management","Other","process_other","CLOSED","CODE_FIX","rmdir on cgroup can cause hang tasks","2012-06-13 15:01:54"
31772,"Process Management","Other","process_other","CLOSED","UNREPRODUCIBLE","NULL pointer dereference after loging in to KDE","2011-04-06 19:48:28"
37332,"Process Management","Other","process_other","CLOSED","CODE_FIX","Regression d72bce0e67e8afc6eb959f656013cbb577426f1e","2011-06-21 12:12:40"
37652,"Process Management","Other","process_other","CLOSED","DUPLICATE","kernel oops with latencytop","2011-07-10 12:42:11"
37882,"Process Management","Other","process_other","CLOSED","DOCUMENTED","WARNING: at ../kernel/printk.c:322","2011-06-26 21:27:18"
42282,"Process Management","Other","process_other","CLOSED","INVALID","Some regression since rc3","2011-09-05 19:21:31"
58581,"Process Management","Other","process_other","CLOSED","INSUFFICIENT_DATA","Divide error in sys_times division by zero","2013-11-04 21:34:47"
9285,"Process Management","Scheduler","rlove","CLOSED","UNREPRODUCIBLE","oops in enqueue_entity with 2.6.24-rc1-g54866f03","2007-11-05 14:13:55"
9293,"Process Management","Scheduler","rlove","CLOSED","CODE_FIX","aim7 -30% regression in 2.6.24-rc1","2007-11-07 15:37:46"
10176,"Process Management","Preemption","rlove","CLOSED","CODE_FIX","2.6.25-rc4 rcupreempt.h WARNINGs while suspend/resume","2008-03-09 17:46:54"
11463,"Process Management","Preemption","rlove","CLOSED","UNREPRODUCIBLE","sshd hangs on close","2011-01-12 05:08:55"
14799,"Process Management","Preemption","rlove","CLOSED","INVALID","CONFIG_DEBUG_PREEMPT handling is wrong","2012-06-18 14:22:33"
16248,"Process Management","Preemption","rlove","CLOSED","CODE_FIX","inconsistent lock state","2010-07-08 22:55:09"
9347,"Process Management","Other","roland","CLOSED","CODE_FIX","SIGCHLD not waking up sigwait","2007-11-13 15:17:16"
35222,"Process Management","Other","rostedt","CLOSED","OBSOLETE","Could not insert probe(-22): error on probing function entry.","2013-12-23 12:13:56"
9247,"Process Management","Other","serue","CLOSED","CODE_FIX","Potential regression in -git15: can't resume stopped root shell?","2007-11-16 14:09:10"
47301,"Process Management","Scheduler","tj","CLOSED","CODE_FIX","[BISECTED]Regression 3.5 -> 3.6-rc1 commit 63d95a91, BUG at kernel/sched/core.c 1654, always kworker","2012-11-05 23:14:50"
9679,"Process Management","Scheduler","w","CLOSED","PATCH_ALREADY_AVAILABLE","SMP kernels call __init init_idle() too late, it might be already overwritten!","2008-01-10 01:50:51"
544,"Process Management","Other","alexn","CLOSED","CODE_FIX","bad: scheduling while atomic! warning on modprobe airo_cs","2004-12-01 05:31:54"
769,"Process Management","Other","alexn","CLOSED","CODE_FIX","Kernel locks up when heavily using pthread keys (NPTL)","2004-12-04 06:17:34"
1803,"Process Management","Scheduler","alexn","CLOSED","PATCH_ALREADY_AVAILABLE","Unable to handle kernel paging request  at schedule_timeout+0x7f/0xc0","2004-12-04 05:46:53"
1950,"Process Management","Scheduler","alexn","CLOSED","CODE_FIX","kernel BUG at mm/mmap.c:1443, with compile load","2004-12-02 11:59:46"
3648,"Process Management","Preemption","alexn","CLOSED","CODE_FIX","using smp_processor_id() in preemptible code: named/1119","2004-12-02 10:27:40"
1220,"Process Management","Other","bugme-janitors","CLOSED","CODE_FIX","dhcpcd using 100% CPU","2003-10-04 15:37:10"
5877,"Process Management","Scheduler","bugzilla","CLOSED","CODE_FIX","Suspected scheduling starvation","2006-03-22 03:46:19"
619,"Process Management","Scheduler","colpatch","CLOSED","CODE_FIX","[perf][sdet]sched_best_cpu does not pick best cpu","2003-06-17 11:20:46"
947,"Process Management","Scheduler","diegocg","CLOSED","PATCH_ALREADY_AVAILABLE","Audio skpping","2004-02-28 09:44:15"
5724,"Process Management","Scheduler","diegocg","CLOSED","CODE_FIX","Non-optimal scheduler with multiple dualcore cpus","2006-08-05 07:17:36"
6145,"Process Management","Other","diegocg","CLOSED","CODE_FIX","kernel.suid_dumpable sysctl is really fs.suid_dumpable","2006-08-28 06:40:30"
624,"Process Management","Scheduler","habanero","CLOSED","PATCH_ALREADY_AVAILABLE","[perf][specjbb] Hyperthreading causing excessive thread starvation in benchmark runs","2005-07-31 20:13:56"
2977,"Process Management","Scheduler","john.stultz","CLOSED","CODE_FIX","After suspend new processes get old start time","2005-12-21 12:22:46"
1272,"Process Management","Scheduler","linux","CLOSED","INSUFFICIENT_DATA","Kernel panics when using 2.4.18 kernel with xine attempting to use fb via ssh.","2005-11-16 14:41:57"
3043,"Process Management","Other","mingo","CLOSED","CODE_FIX","issue with core dump owner","2010-08-16 07:46:42"
4616,"Process Management","Preemption","mingo","CLOSED","PATCH_ALREADY_AVAILABLE","realtime process can't preempt low priority process in kernel","2005-05-13 00:11:53"
5062,"Process Management","Preemption","mingo","CLOSED","CODE_FIX","kernel preemption breaks in several ways","2007-11-29 08:24:25"
6239,"Process Management","Other","mingo","CLOSED","CODE_FIX","BUG: soft lockup detected on CPU#0!","2007-11-29 08:33:55"
6959,"Process Management","Scheduler","mingo","CLOSED","CODE_FIX","CPU load increases very fast on kernels >= 2.6.15","2007-11-29 08:18:41"
8348,"Process Management","Other","mingo","CLOSED","CODE_FIX","Using cryptoloop: soft lockup detected but system still reacts (false positive?)","2007-11-29 08:28:26"
3105,"Process Management","Scheduler","nickpiggin","CLOSED","PATCH_ALREADY_AVAILABLE","HT awareness","2022-01-28 10:17:54"
2040,"Process Management","Other","process_other","CLOSED","CODE_FIX","viewing /proc/net files chrash scheduler","2004-02-19 10:33:57"
2349,"Process Management","Other","process_other","CLOSED","PATCH_ALREADY_AVAILABLE","panic caused by idle process is ignored","2007-10-11 14:24:28"
2821,"Process Management","Other","process_other","CLOSED","PATCH_ALREADY_AVAILABLE","Kernel panics early in the boot process","2005-04-06 14:26:04"
3444,"Process Management","Other","process_other","CLOSED","UNREPRODUCIBLE","crash in sys_clone()/do_fork()","2004-12-01 10:30:20"
3894,"Process Management","Other","process_other","CLOSED","CODE_FIX","pty race condition in 2.6 kernel on SMP machine","2005-01-07 16:39:54"
4428,"Process Management","Other","process_other","CLOSED","PATCH_ALREADY_AVAILABLE","Repeated - Unable to handle kernel NULL pointer dereference at virtual address 0000000c","2005-08-30 07:19:42"
4635,"Process Management","Other","process_other","CLOSED","PATCH_ALREADY_AVAILABLE","Segfoult after changeing shmmax","2006-04-22 09:42:14"
5352,"Process Management","Other","process_other","CLOSED","CODE_FIX","crazy loadavg detected by top and nagios","2005-10-03 18:02:30"
7075,"Process Management","Scheduler","process_other","CLOSED","CODE_FIX","__wake_up_common  Kernel Panic on kernel 2.6.16.1","2007-11-29 08:15:20"
7891,"Process Management","Other","process_other","CLOSED","CODE_FIX","vdso page is no longer mapped for a.out binaries in kernel 2.6.18","2007-03-13 05:39:56"
776,"Process Management","Scheduler","ricklind","CLOSED","CODE_FIX","NUMA scheduler hang","2003-06-24 11:32:26"
350,"Process Management","Scheduler","rlove","CLOSED","CODE_FIX","i386 context switch very slow compared to 2.4 due to wrmsr (performance)","2003-10-06 21:08:21"
421,"Process Management","Scheduler","rlove","CLOSED","CODE_FIX","Panic from detach_pid","2003-04-03 05:55:34"
575,"Process Management","Scheduler","rlove","CLOSED","WILL_NOT_FIX","nice'd load starves normal load -- openoffice blocks in sched_yield()","2020-06-03 09:41:36"
596,"Process Management","Scheduler","rlove","CLOSED","CODE_FIX","process fork + shell exec is slower in 2.5.63","2003-05-13 09:41:09"
618,"Process Management","Scheduler","rlove","CLOSED","PATCH_ALREADY_AVAILABLE","[perf][specjbb]load_balance inadequate for loads with high cswitches","2003-06-17 11:21:22"
620,"Process Management","Scheduler","rlove","CLOSED","WILL_NOT_FIX","[perf][kernbench]HT cpu statistics incorrect","2003-06-30 08:25:59"
637,"Process Management","Scheduler","rlove","CLOSED","CODE_FIX","oops bad scheduling while atomic","2003-10-06 21:10:22"
1211,"Process Management","Scheduler","rlove","CLOSED","CODE_FIX","CAN_MIGRATE broken","2003-09-30 07:28:20"
2433,"Process Management","Preemption","rlove","CLOSED","PATCH_ALREADY_AVAILABLE","Busy-wait delay in qmail 1.03 after upgrading to Linux 2.6","2006-11-10 02:51:31"
2885,"Process Management","Preemption","rlove","CLOSED","PATCH_ALREADY_AVAILABLE","realtime process can't preempt low priority process in kernel","2007-09-18 01:02:36"
3546,"Process Management","Scheduler","rlove","CLOSED","PATCH_ALREADY_AVAILABLE","oops with sched_setscheduler (SCHED_FIFO)","2005-07-04 10:39:30"
4045,"Process Management","Scheduler","rlove","CLOSED","CODE_FIX","KALLSYMS_EXTRA_PASS fails make if not selected","2005-01-15 16:41:59"
5205,"Process Management","Scheduler","rlove","CLOSED","INSUFFICIENT_DATA","2.6.13-mm2: Badness in domain_distance at kernel/sched.c:5307","2006-04-22 17:12:31"
6119,"Process Management","Scheduler","rlove","CLOSED","PATCH_ALREADY_AVAILABLE","incorrect load balancing","2017-05-30 11:33:58"
6274,"Process Management","Other","srinivasa","CLOSED","PATCH_ALREADY_AVAILABLE","audit_log_exit calls sleeping function in invalid context","2006-06-05 01:36:29"
5706,"Process Management","Other","suzuki","CLOSED","INVALID","Parent thread not resuming from pthread_join() after child does a pthread_exit() from within an interrupt handler","2006-04-02 07:42:22"
5991,"Process Management","Other","suzuki","CLOSED","INVALID","printf; /*fflush;*/ fork; prints 2 times","2006-05-10 22:55:52"
8463,"Process Management","Other","tglx","CLOSED","CODE_FIX","NOHZ: BUG: soft lockup detected on CPU#0!","2007-11-16 14:56:13"
3280,"Process Management","Other","tim","CLOSED","CODE_FIX","BSD Process Accounting version 3 file format","2004-08-26 15:08:12"
836,"Process Management","Other","zwane","CLOSED","CODE_FIX","SETI@Home becomes unkillable","2003-07-01 13:19:19"
949,"Process Management","Other","zwane","CLOSED","CODE_FIX","System was crashed during hammerhead/apache test (Kernel Oops happened)","2003-10-08 06:50:58"
1338,"Process Management","Other","zwane","CLOSED","CODE_FIX","2.6.0-test7 oops in proc_pid_stat","2003-11-12 23:23:33"
1406,"Process Management","Other","zwane","CLOSED","CODE_FIX","sleeping function called from invalid context at include/linux/rwsem.h:66","2003-11-14 16:59:52"